[
{
    "model": "articles.article",
    "pk": 1,
    "fields": {
        "title": "Hair each base dark guess garden accept.",
        "content": "Religious ball another laugh light million. Federal public power another.\nDuring always recent maintain major others bank. Say place address. Wife tough outside system must. Develop road especially.",
        "created_at": "1995-01-20T07:27:13Z",
        "updated_at": "1990-04-21T01:07:51Z"
    }
},
{
    "model": "articles.article",
    "pk": 2,
    "fields": {
        "title": "Sit sign share you.",
        "content": "Call authority choose discuss yes. Experience century Mrs population company couple million.\nCareer challenge response many throw. Because practice what a allow its consumer.",
        "created_at": "2013-05-29T15:46:17Z",
        "updated_at": "2001-12-09T17:38:01Z"
    }
},
{
    "model": "articles.article",
    "pk": 3,
    "fields": {
        "title": "Player strong interest process Mr.",
        "content": "Himself care identify particularly several onto. Into social start assume third.\nNational always game source own. Move case her no amount. Full they law police physical.",
        "created_at": "2014-03-02T09:33:50Z",
        "updated_at": "1974-08-10T12:49:32Z"
    }
},
{
    "model": "articles.article",
    "pk": 4,
    "fields": {
        "title": "Finish carry he meeting myself third.",
        "content": "However do author religious something computer. Thousand personal you recognize. Physical discover century expect kind.",
        "created_at": "2007-09-09T14:55:34Z",
        "updated_at": "1970-02-10T20:32:09Z"
    }
},
{
    "model": "articles.article",
    "pk": 5,
    "fields": {
        "title": "Across level professor of court every himself.",
        "content": "My cell who near moment.\nTen up of method occur magazine first. Or such high reach way any TV.",
        "created_at": "2018-02-01T04:44:47Z",
        "updated_at": "2004-12-11T22:58:57Z"
    }
},
{
    "model": "articles.article",
    "pk": 6,
    "fields": {
        "title": "Body large buy movie director.",
        "content": "Season lose pull best much often. Arrive bit medical part draw imagine individual training. Worker occur star. Person language provide chair discuss.",
        "created_at": "1996-12-20T19:20:33Z",
        "updated_at": "2007-12-23T05:45:55Z"
    }
},
{
    "model": "articles.article",
    "pk": 7,
    "fields": {
        "title": "Win experience right then.",
        "content": "Treat stay not base religious stay interview.\nData finish admit guess style total. Forward and environment save.\nMiddle treat but admit right. Heart state Democrat security forward hour main system.",
        "created_at": "2016-07-30T19:19:10Z",
        "updated_at": "2004-01-14T13:03:26Z"
    }
},
{
    "model": "articles.article",
    "pk": 8,
    "fields": {
        "title": "Blood home generation state wish maybe know.",
        "content": "Analysis discuss story into. Congress themselves increase event. Maybe drive travel throughout notice cover out wind.",
        "created_at": "1972-08-23T06:03:09Z",
        "updated_at": "2005-10-27T19:35:52Z"
    }
},
{
    "model": "articles.article",
    "pk": 9,
    "fields": {
        "title": "Several find probably evidence theory watch on.",
        "content": "Time son walk. President new store size peace.\nWide give least real serious. Understand always investment policy four. Event want rather air someone always population avoid.",
        "created_at": "2010-08-15T15:58:24Z",
        "updated_at": "2020-02-25T07:11:57Z"
    }
},
{
    "model": "articles.article",
    "pk": 10,
    "fields": {
        "title": "Item responsibility create black general.",
        "content": "Put defense head eight happen close tough. Determine her scene determine feel. Condition religious voice water environment material. Network couple member tree.",
        "created_at": "1998-09-27T21:43:37Z",
        "updated_at": "2018-08-19T10:43:22Z"
    }
},
{
    "model": "articles.article",
    "pk": 11,
    "fields": {
        "title": "With happen thing hard find Congress open including.",
        "content": "Professional green might pattern. Person join only.\nFocus explain under card value you knowledge. Adult office partner house clearly behavior.",
        "created_at": "1971-07-04T10:56:27Z",
        "updated_at": "1988-11-17T10:45:45Z"
    }
},
{
    "model": "articles.article",
    "pk": 12,
    "fields": {
        "title": "Share person against must be could organization.",
        "content": "Require born son couple step phone. Economic site soon speech owner skin cell.\nAway majority example author lawyer work single.",
        "created_at": "1996-06-08T21:26:03Z",
        "updated_at": "1982-12-13T17:48:57Z"
    }
},
{
    "model": "articles.article",
    "pk": 13,
    "fields": {
        "title": "And never body.",
        "content": "Tree church southern sense six reflect season. Often natural next about become. Range car large society remain media dog move.",
        "created_at": "1990-07-31T17:34:27Z",
        "updated_at": "1974-08-07T09:32:09Z"
    }
},
{
    "model": "articles.article",
    "pk": 14,
    "fields": {
        "title": "Marriage cold real receive night.",
        "content": "Glass into onto exactly other people sit. Success hour Mrs join cultural. Assume research through human able.",
        "created_at": "1993-04-08T00:29:10Z",
        "updated_at": "1995-05-21T01:47:58Z"
    }
},
{
    "model": "articles.article",
    "pk": 15,
    "fields": {
        "title": "Against clear thought lose poor.",
        "content": "Next direction color beautiful value different include. Threat student common do decide into. Area these decide who.",
        "created_at": "1970-05-24T21:35:26Z",
        "updated_at": "2017-09-22T10:37:51Z"
    }
},
{
    "model": "articles.article",
    "pk": 16,
    "fields": {
        "title": "Fall it expect between.",
        "content": "Bag window hour beat leader generation beyond. Just whom study big he job. Cold huge from wife describe most no.\nAlthough family term style case. On as court western. Work song town.",
        "created_at": "1994-12-07T02:44:05Z",
        "updated_at": "1977-09-28T00:11:23Z"
    }
},
{
    "model": "articles.article",
    "pk": 17,
    "fields": {
        "title": "Will wrong quality no.",
        "content": "Onto especially light bag certain best experience religious. Leave myself doctor knowledge.\nQuite control total. Stand range food nice should. Build security ready night provide responsibility case.",
        "created_at": "1992-09-07T10:19:59Z",
        "updated_at": "1989-10-02T20:16:24Z"
    }
},
{
    "model": "articles.article",
    "pk": 18,
    "fields": {
        "title": "Reach cold education garden share quite what prevent.",
        "content": "Read that decide after. Yet floor course would.\nCapital its beat. Send message beautiful night some within then. Radio knowledge respond network cup state away.",
        "created_at": "2007-12-09T06:53:44Z",
        "updated_at": "1981-12-01T12:02:55Z"
    }
},
{
    "model": "articles.article",
    "pk": 19,
    "fields": {
        "title": "Law compare per thus.",
        "content": "Approach similar fund authority determine. Machine deal listen.\nTreatment seven receive wide. Decade book research technology.",
        "created_at": "1987-11-29T20:07:42Z",
        "updated_at": "1991-02-27T13:06:54Z"
    }
},
{
    "model": "articles.article",
    "pk": 20,
    "fields": {
        "title": "Water behavior return interesting return understand.",
        "content": "Suddenly decide nice support. The red during. Direction cell western town.\nOccur clear mouth born speak. On degree some sport away. Way head ok paper expect.",
        "created_at": "1985-07-15T19:48:48Z",
        "updated_at": "2007-04-13T15:27:52Z"
    }
}
]
